url_length,special_chars_count,subdomain_count,domain_age_years,popularity_rank,ssl_valid,nlp_suspicious_score,image_similarity_score,dns_query_pattern_score,known_brand_mismatch,label
22,0,1,6,924880,0,0.57,0.88,0.41,0,genuine
97,3,4,14,145719,0,0.48,0.78,0.07,0,genuine
57,2,3,6,461268,0,0.6,0.61,0.35,0,genuine
79,2,2,13,173651,1,0.73,0.47,0.11,0,genuine
92,4,3,15,241163,0,0.46,0.74,0.81,1,suspicious
55,2,0,16,80833,1,0.46,0.68,0.95,1,genuine
17,1,3,11,539536,0,0.74,0.78,0.07,0,suspicious
60,1,3,1,674735,0,0.62,0.73,0.96,1,genuine
45,4,2,16,294451,1,0.43,0.81,0.52,0,genuine
34,4,0,5,221792,0,0.58,0.49,0.3,0,genuine
25,3,2,2,157539,0,0.43,0.86,0.08,0,genuine
68,4,0,9,195985,0,0.43,0.64,0.5,1,genuine
21,0,0,16,165002,1,0.54,1,0.79,1,genuine
94,0,0,12,379819,0,0.21,0.46,0.71,0,genuine
37,0,2,4,631265,1,0.24,0.95,0.05,1,genuine
92,1,0,16,752147,1,0.42,0.64,0.07,1,genuine
91,5,1,18,856640,1,0.35,0.47,0.4,0,genuine
86,2,1,0,124079,0,0.55,0.5,0.3,1,genuine
12,3,4,5,693224,0,0.36,0.54,0.23,1,suspicious
16,4,1,6,241536,1,0.29,0.68,0.28,1,genuine
52,3,4,6,434754,1,0.72,0.7,0.8,1,suspicious
41,1,1,1,850577,0,0.47,0.49,0.93,0,genuine
26,4,2,7,346266,1,0.51,0.6,0.41,0,genuine
82,4,4,1,755243,0,0.29,1,0.91,0,genuine
36,1,3,14,118845,1,0.42,0.95,0.32,1,suspicious
18,2,3,1,504907,1,0.52,0.69,0.48,1,genuine
80,4,1,11,708030,1,0.33,0.61,0.23,0,genuine
36,2,3,6,502074,1,0.56,0.62,0.64,1,genuine
85,1,1,8,502291,0,0.41,0.72,0.98,1,suspicious
37,3,1,11,220940,0,0.46,0.4,0.6,1,genuine
39,4,3,14,619490,1,0.41,0.55,0.36,1,suspicious
52,5,3,16,169079,1,0.78,0.27,0.65,0,suspicious
28,2,0,12,678701,1,0.5,0.68,0.12,0,genuine
86,4,4,20,873847,1,0.34,0.73,0.89,1,suspicious
10,2,1,3,430860,0,0.62,0.5,0.5,1,genuine
45,4,3,0,23537,0,0.32,0.91,0.45,0,genuine
28,4,4,7,255507,0,0.53,0.35,0.59,1,suspicious
26,4,3,11,45241,1,0.21,0.31,0.62,1,genuine
79,3,3,15,134098,1,0.3,0.64,0.07,0,suspicious
42,5,0,19,601345,1,0.53,0.81,0.68,0,genuine
32,4,1,14,621122,1,0.61,0.94,0.24,0,suspicious
24,2,1,5,168957,1,0.53,0.51,0.71,1,genuine
94,3,2,15,141269,0,0.48,0.82,0.82,0,genuine
13,0,0,18,660121,1,0.45,0.59,0.8,1,genuine
26,2,4,17,537545,0,0.28,0.57,0.55,1,genuine
11,2,0,11,41095,0,0.39,0.78,0.52,0,genuine
55,5,4,11,934070,1,0.43,0.73,0.14,1,genuine
40,0,1,5,600068,0,0.66,0.28,0.78,1,genuine
85,3,2,8,154000,1,0.55,0.9,0.27,0,genuine
51,4,2,2,58628,0,0.24,0.88,0.5,1,genuine
12,2,1,9,174422,1,0.55,0.47,0.28,0,genuine
32,5,3,0,270805,0,0.44,0.68,0.13,0,genuine
43,5,0,12,967256,1,0.4,0.7,0.63,0,genuine
16,5,2,1,188784,0,0.59,0.65,0.05,0,suspicious
26,0,3,5,541738,1,0.65,0.49,0.75,0,genuine
63,4,4,18,425152,1,0.64,0.47,0.32,0,genuine
77,3,2,6,628472,1,0.37,0.59,0,1,genuine
24,2,4,7,590983,1,0.45,0.83,0.51,1,suspicious
18,5,3,20,668596,0,0.55,0.71,0.05,0,genuine
70,4,4,7,19525,0,0.65,0.53,0.28,1,genuine
67,4,3,6,921184,0,0.43,0.75,0.71,1,suspicious
56,1,4,8,754501,0,0.47,0.03,0.06,1,genuine
75,5,0,20,763337,0,0.33,0.83,0.84,0,genuine
85,0,2,13,693890,0,0.32,0.25,0,0,genuine
23,4,2,16,861199,0,0.62,0.53,0.25,1,suspicious
67,3,3,0,297224,0,0.7,0.38,0.74,0,suspicious
74,1,4,0,993268,0,0.49,0.34,0.32,1,genuine
38,4,1,15,89914,1,0.65,0.83,0.1,0,genuine
88,5,2,4,227115,0,0.55,0.51,0.36,1,genuine
15,5,4,20,471024,0,0.4,0.67,0.27,0,genuine
94,4,4,5,635989,0,0.55,0.59,0.84,0,genuine
76,3,0,19,494313,1,0.73,0.7,0.31,1,suspicious
48,1,1,0,909433,1,0.49,0.62,0.79,0,suspicious
68,5,2,7,505066,1,0.73,0.34,0.89,0,genuine
92,1,0,8,178853,0,0.11,0.8,0.43,0,genuine
13,0,1,19,230020,1,0.62,0.5,0.91,0,genuine
17,4,2,9,870700,0,0.51,0.29,0.38,0,suspicious
71,5,0,20,430721,0,0.46,0.51,0.96,1,genuine
61,0,1,8,630026,0,0.51,0.9,0.09,0,genuine
64,1,2,13,149645,0,0.2,0.77,0.69,1,genuine
97,0,1,12,833216,1,0.47,0.53,0.49,0,genuine
23,3,4,11,610949,0,0.55,0.53,0.39,0,genuine
72,2,3,14,860308,1,0.72,0.54,0.63,0,genuine
66,3,3,8,804772,0,0.42,1,0.7,0,suspicious
19,1,4,6,190720,1,0.38,0.68,0,0,genuine
20,3,1,14,653485,1,0.42,0.69,0.17,0,genuine
51,5,4,9,691692,1,0.64,0.81,0.71,1,suspicious
87,1,3,16,535618,0,0.55,0.65,0.67,0,genuine
28,3,3,19,277371,1,0.42,0.55,0.97,1,genuine
18,4,1,12,175869,0,0.58,0.56,0.76,0,genuine
26,4,3,18,759365,0,0.51,0.59,0.95,0,genuine
45,3,4,3,718895,1,0.65,0.59,0.7,0,genuine
89,5,1,0,359317,0,0.39,0.75,0.3,0,suspicious
91,5,4,16,967157,0,0.45,0.61,0.11,1,genuine
84,0,1,11,475498,0,0.44,0.75,0.78,0,genuine
80,5,3,17,625511,0,0.28,0.58,0.64,0,genuine
51,1,2,20,619285,0,0.54,0.62,0.05,0,suspicious
58,4,1,19,72188,1,0.54,0.2,0.36,1,genuine
86,1,1,19,240978,0,0.5,0.78,0.96,1,suspicious
77,4,2,9,396584,0,0.46,0.67,0.5,1,suspicious
47,2,3,9,404187,0,0.29,0.8,0.43,1,genuine
68,5,4,3,138636,0,0.44,0.02,0.46,0,suspicious
74,3,0,15,113845,1,0.45,1,0.21,0,genuine
87,4,2,2,17368,0,0.38,0.57,0.37,1,genuine
65,3,0,10,212178,1,0.48,0.82,0.37,0,genuine
22,2,3,8,548103,1,0.56,0.39,0.05,0,genuine
99,1,1,20,901348,1,0.78,0.72,0.77,0,genuine
24,3,1,10,953512,0,0.53,0.39,0.42,1,genuine
93,4,3,8,528860,0,0.54,0.48,0.82,0,genuine
93,2,4,8,717612,0,0.49,0.98,0.85,0,suspicious
80,4,4,20,440187,1,0.21,0.56,0.21,1,suspicious
37,2,3,20,866663,1,0.5,0.64,0.66,0,genuine
65,5,3,9,156827,0,0.51,0.77,0.47,1,genuine
67,5,3,6,634925,1,0.87,0.7,0.88,0,genuine
39,5,3,4,100977,1,0.47,0.63,0.22,1,suspicious
62,5,3,16,186041,1,0.55,0.67,0.68,0,suspicious
53,5,3,7,498986,1,0.49,1,0.61,1,genuine
68,2,1,1,945405,1,0.32,0.59,0.3,0,genuine
61,4,0,19,644611,1,0.67,0.64,0.14,0,genuine
63,3,4,12,628951,1,0.61,0.81,0.65,0,genuine
22,1,0,10,40933,1,0.62,0.82,0.74,0,suspicious
50,1,1,4,920391,0,0.36,0.84,0.32,1,genuine
64,2,2,0,821946,0,0.71,0.73,0.64,0,suspicious
50,4,0,20,557245,1,0.29,0.37,0.4,0,genuine
95,2,2,15,527779,1,0.59,0.93,0.71,1,genuine
42,1,1,9,788931,1,0.83,0.37,0.2,0,genuine
57,2,4,8,123225,1,0.35,0.66,0.89,0,genuine
29,2,2,13,97717,1,0.42,0.45,0.29,0,suspicious
97,5,1,12,505667,1,0.51,0.59,0.37,0,suspicious
70,1,3,12,691424,0,0.42,0.67,0.06,0,suspicious
18,5,4,1,136660,0,0.27,0.66,0.11,1,genuine
21,5,3,18,945800,1,0.51,0.68,0.52,1,genuine
20,3,4,18,632790,0,0.34,0.92,0.27,1,suspicious
21,2,4,6,565483,0,0.57,0.69,0.84,0,suspicious
65,3,0,10,867720,1,0.36,0.55,0.01,0,genuine
22,2,4,7,1259,0,0.73,0.79,0.38,0,genuine
57,4,0,17,940541,1,0.38,0.84,0.34,1,genuine
26,5,2,20,983287,0,0.45,0.35,0.02,1,suspicious
81,2,4,15,812511,0,0.62,0.72,0.12,1,suspicious
17,2,2,11,711522,1,0.32,0.74,0.41,0,genuine
85,0,4,16,680769,0,0.53,0.54,0.49,0,genuine
81,4,0,9,452458,1,0.7,0.88,0.4,0,genuine
81,5,3,5,547404,0,0.26,0.57,0.53,0,genuine
52,4,4,17,441120,0,0.53,0.63,0.6,1,suspicious
95,3,1,5,388369,0,0.54,0.57,0.01,0,genuine
25,3,3,9,917320,1,0.62,0.6,0.46,1,genuine
62,2,0,3,45549,1,0.31,0.38,0.96,1,genuine
55,1,1,15,731532,0,0.3,0.31,0.52,1,suspicious
95,2,2,4,555553,0,0.58,0.92,0.68,0,genuine
64,0,0,8,449794,1,0.54,0.43,0.31,0,genuine
16,2,3,17,240634,1,0.54,0.4,0.77,0,suspicious
46,5,2,5,984007,0,0.55,0.17,0.77,0,genuine
86,0,2,10,841273,0,0.4,0.47,0.52,0,genuine
49,2,0,20,505544,1,0.53,0.34,0.98,1,genuine
55,3,3,2,827910,1,0.54,0.93,0.13,0,genuine
23,5,0,7,806011,0,0.39,0.8,0.02,1,genuine
83,2,1,11,399756,1,0.78,0.46,0.77,0,genuine
74,5,1,7,367545,0,0.57,1,0.81,1,genuine
37,3,4,9,617662,0,0.32,0.8,0.12,0,genuine
29,1,2,13,843707,1,0.6,0.54,0.27,0,genuine
94,1,4,10,777408,1,0.35,0.1,0.02,0,genuine
71,4,3,11,951960,0,0.62,1,0.29,0,genuine
38,2,1,8,798532,1,0.67,0.32,0.77,1,genuine
23,4,4,18,877858,0,0.38,0.27,0.52,1,suspicious
54,5,1,9,730551,1,0.64,0.8,0.35,0,suspicious
81,2,1,14,604107,0,0.56,1,0.37,0,genuine
57,1,1,3,102464,1,0.62,0.88,0,0,genuine
24,0,0,15,446158,0,0.78,0.71,0.3,0,genuine
45,4,4,1,140387,0,0.46,0.72,0.65,1,genuine
83,5,2,20,266882,1,0.39,0.77,0.97,1,genuine
38,4,4,18,500319,1,0.37,0.75,0.85,0,suspicious
64,1,2,18,803062,1,0.38,0.66,0.02,1,genuine
81,1,4,19,243808,1,0.49,0.62,0.9,1,genuine
89,0,4,2,954294,0,0.55,0.59,0.78,1,suspicious
88,5,1,15,900783,0,0.54,0.45,0.78,1,suspicious
96,4,2,6,87890,0,0.62,0.54,0.46,0,genuine
92,1,2,16,297027,1,0.5,0.26,0.4,0,genuine
81,5,2,3,627355,0,0.72,0.58,0.3,0,genuine
13,1,4,12,919357,1,0.46,0.4,0.07,0,genuine
87,0,2,16,570144,0,0.91,0.38,0.23,0,genuine
94,0,4,9,428498,1,0.59,0.64,0.25,0,suspicious
98,3,0,13,270329,0,0.37,0.88,0.48,1,genuine
44,2,1,1,198203,1,0.34,0.78,0.75,0,suspicious
13,5,3,4,5736,0,0.57,0.29,0.47,0,genuine
33,3,0,4,743597,0,0.47,0.4,0.06,0,genuine
44,0,2,6,779770,0,0.61,0.79,0.96,1,genuine
99,5,1,10,827770,1,0.57,0.4,0.94,1,suspicious
49,1,1,13,7460,1,0.49,0.56,0.79,1,genuine
53,0,1,18,606064,0,0.37,0.71,0.99,0,genuine
54,4,1,14,547924,0,0.27,0.41,0.54,1,genuine
10,1,2,4,123553,1,0.43,0.62,0.96,0,genuine
33,3,1,10,545010,1,0.63,0.33,0.08,0,genuine
28,5,3,5,7544,1,0.53,0.48,0.37,1,genuine
82,3,3,2,393248,0,0.31,0.66,0.23,0,suspicious
94,3,1,15,686342,0,0.53,0.28,0.2,0,genuine
61,5,4,10,215398,1,0.56,0.69,0.14,0,suspicious
18,1,2,20,721176,0,0.37,0.6,0.62,1,genuine
28,2,3,5,843357,1,0.52,0.71,0.78,0,genuine
91,2,3,10,331247,0,0.51,0.64,0.58,1,suspicious
13,2,3,20,428706,1,0.33,0.87,0.15,0,suspicious
21,5,0,1,379868,1,0.55,0.63,0.81,0,suspicious
77,0,0,0,111761,0,0.58,0.51,0.64,1,suspicious
37,0,3,14,162298,1,0.66,0.62,0.39,1,suspicious
58,5,4,8,446769,1,0.66,0.71,0.67,0,genuine
63,4,2,6,683227,0,0.29,0.61,0.26,1,genuine
68,1,2,5,613806,0,0.36,0.61,0.35,0,genuine
53,4,3,18,265954,1,0.58,0.46,0.92,0,genuine
30,5,3,5,273996,0,0.58,0.47,0.29,1,genuine
57,5,2,15,896509,1,0.58,0.32,0.47,0,genuine
49,0,4,2,562147,1,1,0.95,0.89,1,suspicious
51,1,0,4,444137,0,0.59,0.35,0.71,1,genuine
82,3,0,19,592100,0,0.67,0.46,0.06,0,suspicious
86,1,3,13,383406,0,0.64,0.46,0.15,1,genuine
20,0,2,20,641604,0,0.6,0.78,0.01,0,genuine
16,3,0,13,288947,1,0.45,0.54,0.63,1,suspicious
29,3,4,12,713667,1,0.61,0.85,0.45,1,suspicious
30,1,3,13,416761,1,0.38,0.47,0.13,0,genuine
89,5,1,15,791646,0,0.46,0.66,0.96,1,suspicious
16,2,3,12,213589,0,0.43,0.43,0.53,0,genuine
96,0,1,0,433302,1,0.51,1,0.24,0,genuine
20,0,3,1,578924,1,0.85,0.36,0.5,0,suspicious
44,2,2,17,821862,1,0.22,0.66,0.68,1,genuine
66,4,2,6,584647,1,0.6,0.73,0.08,0,genuine
94,4,2,11,505905,0,0.26,0.68,0.27,0,suspicious
64,0,2,0,187402,1,0.43,0.56,0.81,1,genuine
72,2,4,10,388197,1,0.66,0.57,0.46,1,genuine
87,2,4,16,586253,0,0.51,0.61,0.55,1,genuine
66,3,1,6,581867,1,0.34,0.57,0.43,0,suspicious
63,5,4,0,507260,0,0.39,0.79,0.04,1,genuine
44,4,3,0,266106,1,0.6,1,0.17,0,suspicious
37,4,2,20,321550,1,0.39,0.49,0.45,1,genuine
75,3,0,7,605712,0,0.53,0.33,0.21,0,genuine
24,1,0,7,361084,1,0.51,0.58,0.05,0,genuine
54,4,0,11,811802,0,0.4,1,0.84,0,genuine
65,3,3,9,739765,0,0.82,0.44,0.98,0,genuine
24,2,0,4,417470,0,0.6,0.93,0.79,1,genuine
46,1,0,3,771524,1,0.2,0.94,0.85,1,suspicious
96,0,1,12,144776,0,0.53,0.49,0.24,0,genuine
96,2,3,16,896532,0,0.4,0.71,0.96,1,genuine
85,1,3,18,905792,0,0.63,0.93,0.2,1,genuine
72,5,0,9,691309,0,0.38,0.52,0.95,1,genuine
77,3,3,5,124871,0,0.48,0.56,0.99,0,genuine
95,5,1,2,784141,0,0.58,0.48,0.71,1,genuine
49,2,1,1,240933,1,0.63,0.4,0.98,0,suspicious
15,5,2,9,468289,0,0.32,0.47,0.57,0,genuine
38,1,1,9,821150,1,0.45,0.36,0.26,1,suspicious
60,0,2,14,733282,0,0.43,0.61,0.44,1,genuine
86,5,0,16,995356,1,0.4,0.45,0.59,0,genuine
17,2,2,19,169655,1,0.76,0.65,0.07,0,genuine
10,2,2,16,105150,1,0.56,0.29,0.62,0,genuine
36,4,0,10,224876,0,0.31,0.67,0.98,1,genuine
48,5,2,13,533037,1,0.64,0.77,0.19,0,suspicious
37,1,1,4,420019,0,0.82,0.2,0.79,0,genuine
27,1,0,10,824266,0,0.65,0.67,0.91,1,genuine
42,4,3,15,354878,0,0.27,0.85,0.94,0,suspicious
47,5,2,11,839757,1,0.43,0.36,0.96,1,suspicious
51,3,1,6,577322,1,0.69,0.93,0.52,1,genuine
25,3,3,5,643853,0,0.39,0.68,0.98,1,genuine
10,4,0,12,730918,0,0.57,0.46,0.76,0,genuine
73,2,0,0,717818,1,0.62,0.59,0.16,1,suspicious
65,0,0,7,741123,0,0.36,0.71,0.48,1,suspicious
32,3,1,7,54582,1,0.49,0.62,0.72,0,suspicious
26,5,3,4,168547,0,0.01,0.71,0.25,0,genuine
58,0,0,6,408005,0,0.35,0.42,0.64,0,genuine
78,1,1,0,666765,1,0.46,0.63,0.67,1,suspicious
100,1,4,18,5548,0,0.31,0.32,0.16,0,suspicious
39,3,1,16,843443,1,0.74,0.58,0.57,0,genuine
74,2,4,5,95514,0,0.29,0.42,0.77,1,suspicious
81,1,3,3,863246,1,0.43,0.45,0.5,1,genuine
95,0,0,11,152388,0,0.52,0.85,0.01,0,genuine
55,2,0,20,494581,0,0.72,0.82,0.01,0,suspicious
19,3,2,1,970837,1,0.28,0.72,0.36,0,genuine
60,1,0,12,629403,1,0.67,0.38,0.93,1,genuine
15,3,3,20,456527,1,0.5,0.54,0.23,1,suspicious
65,2,1,8,92423,0,0.35,0.84,0.63,0,genuine
12,2,3,17,67194,0,0.57,0.63,0.22,1,genuine
68,2,0,19,275872,1,0.53,1,0.32,0,genuine
19,4,1,1,232543,1,0.41,0.68,0.85,1,genuine
50,5,3,19,388849,0,0.51,0.64,0.73,1,genuine
83,4,0,1,83928,1,0.44,0.54,0.1,0,genuine
64,0,0,3,638614,0,0.52,0.63,0.43,1,suspicious
83,2,0,20,39590,1,0.6,0.57,0.03,0,genuine
61,5,2,0,759688,1,0.74,0.74,0.48,1,genuine
100,2,2,1,402996,0,0.31,0.79,0.66,1,genuine
91,5,2,3,975894,0,0.82,0.44,0.12,0,genuine
63,1,1,13,420107,0,0.21,0.33,0.29,0,suspicious
47,0,3,14,643790,1,0.48,0.23,0.4,1,suspicious
24,5,1,12,688050,0,0.59,0.7,0.92,1,genuine
61,0,1,3,546314,0,0.54,0.38,0.99,0,genuine
12,3,0,17,300385,0,0.41,0.17,0.04,1,genuine
51,2,4,8,746173,1,0.47,0.68,0.76,1,genuine
31,1,4,15,626496,1,0.43,1,0.37,1,suspicious
89,3,0,4,60255,1,0.41,0.6,0.39,0,genuine
68,5,4,6,991655,1,0.63,0.77,0.75,0,genuine
98,4,1,20,811188,0,0.55,0.62,0.92,1,suspicious
56,5,3,0,860073,0,0.4,0.58,0.95,0,genuine
21,2,2,9,183786,1,0.63,0.78,0.58,1,genuine
65,5,1,13,671395,1,0.55,0.54,0.36,0,genuine
23,0,1,3,518383,1,0.62,0.65,0.79,0,genuine
41,5,3,16,460296,1,0.59,0.66,0.25,1,suspicious
65,2,4,8,11231,0,0.38,0.47,0.56,1,suspicious
85,2,3,19,211506,1,0.42,0.8,0.36,1,genuine
61,4,1,19,891885,0,0.61,0.57,0.66,0,suspicious
77,1,0,4,688794,1,0.59,0.45,0.24,1,genuine
20,1,0,13,975971,1,0.5,0.71,0.19,1,genuine
60,1,1,3,842961,0,0.52,0.42,0.92,0,genuine
49,3,0,16,543324,1,0.69,0.61,0.1,0,genuine
53,1,4,19,299900,0,0.41,0.6,0.51,0,suspicious
38,3,3,3,204207,0,0.58,0.82,0.22,0,suspicious
52,5,2,9,35242,1,0.47,0.69,0.04,1,suspicious
31,4,3,3,822042,1,0.47,0.59,0.04,0,suspicious
19,2,2,3,628637,0,0.66,0.76,0.18,0,genuine
75,3,1,15,535349,0,0.62,0.88,0.87,1,genuine
91,5,1,6,540870,1,0.62,0.71,0.28,0,genuine
24,4,2,19,732378,0,0.7,0.6,0.95,0,suspicious
77,3,0,6,242925,1,0.5,0.34,0.58,1,suspicious
75,4,1,8,645074,0,0.6,0.39,0.44,1,genuine
34,5,4,16,177716,0,0.45,0.54,0.58,1,genuine
54,1,4,6,706766,1,0.55,0.48,0.52,1,genuine
54,1,4,11,37813,1,0.48,0.56,0.76,1,suspicious
92,5,4,13,377215,1,0.51,0.61,0.28,0,suspicious
28,4,2,9,250879,1,0.59,0.71,0.35,0,suspicious
40,0,0,5,686838,0,0.38,0.59,0.89,1,suspicious
23,4,2,1,302,0,0.81,0.7,0.95,1,suspicious
28,3,1,17,165093,0,0.35,0.61,0.89,1,genuine
42,4,4,15,91062,0,0.32,0.2,0.42,1,suspicious
35,5,4,6,289341,0,0.67,0.41,0.78,0,genuine
32,2,4,15,817547,1,0.62,0.57,0.48,1,suspicious
87,0,1,10,418837,0,0.59,0.36,0.5,1,suspicious
29,4,3,7,370282,1,0.59,0.72,0.2,1,suspicious
93,0,2,0,702192,0,0.5,0.91,0.59,1,suspicious
19,0,0,0,414338,0,0.37,0.84,0.19,0,genuine
32,4,1,2,425147,1,0.51,0.56,0.33,0,suspicious
90,4,3,3,614550,0,0.4,0.9,0.86,1,genuine
73,1,3,18,210041,0,0.65,0.63,0.21,0,suspicious
69,4,0,15,542893,0,0.48,0.53,0.07,0,suspicious
82,4,1,4,16113,1,0.38,0.48,0.07,1,genuine
84,1,3,2,772723,0,0.45,0.54,0.94,0,suspicious
67,1,4,16,737802,0,0.56,0.52,0.51,1,genuine
97,2,0,2,71951,1,0.42,0.63,0.41,0,genuine
82,4,4,3,963828,1,0.38,0.63,0.81,0,suspicious
92,3,0,8,94546,1,0.54,0.6,0.84,0,genuine
91,0,2,20,576290,1,0.54,0.69,0.33,1,genuine
89,5,2,7,298314,1,0.42,0.84,0.69,0,genuine
51,1,1,14,761412,1,0.43,0.79,0.77,0,genuine
90,5,3,9,870072,0,0.53,0.3,0.65,1,suspicious
50,4,4,8,586274,0,0.28,0.09,0.15,0,suspicious
29,3,3,14,959457,0,0.29,0.79,0.88,0,genuine
66,0,2,1,611249,0,0.39,0.33,0.54,0,genuine
18,4,4,3,365005,0,0.47,0.56,0.28,1,genuine
70,3,1,5,364355,0,0.55,0.37,0.43,1,suspicious
66,0,3,1,855130,1,0.72,0.24,0.04,0,genuine
90,3,0,9,289940,0,0.63,0.71,0.13,1,suspicious
48,1,0,11,237289,0,0.48,0.75,0.77,1,genuine
45,4,4,10,635819,0,0.5,0.48,0,1,suspicious
85,3,0,13,203975,0,0.35,0.08,0.42,1,genuine
17,3,0,3,476850,1,0.5,0.49,0.52,0,suspicious
55,4,2,3,974876,0,0.46,0.68,0.05,1,genuine
74,0,1,1,423580,1,0.55,0.3,0.97,0,genuine
19,4,0,0,602834,0,0.38,0.64,0.23,0,genuine
49,3,0,4,4878,1,0.58,0.6,0.3,0,suspicious
69,5,3,20,273792,1,0.73,0.72,0.3,0,genuine
67,2,4,5,183538,0,0.48,0.62,0.23,1,genuine
14,5,2,10,426912,1,0.56,0.41,0,1,genuine
17,0,4,11,530830,1,0.6,0.84,0.73,1,genuine
57,3,3,14,111637,1,0.44,0.57,0.97,1,genuine
46,2,3,19,585767,0,0.53,0.59,0.22,1,genuine
19,0,3,8,75903,0,0.5,0.41,0.66,1,suspicious
92,5,0,2,527612,0,0.51,0.51,0.74,1,genuine
21,1,4,11,308546,0,0.38,0.42,0.85,1,suspicious
88,4,4,10,356481,0,0.5,0.57,0.42,0,genuine
86,0,4,5,993018,1,0.57,0.94,0.3,1,suspicious
74,0,1,3,122693,0,0.72,0.33,0.33,0,suspicious
59,3,2,12,841946,1,0.64,0.28,0.71,1,genuine
69,2,0,12,538221,1,0.82,0.89,0.82,0,genuine
84,5,2,14,270212,0,0.38,0.56,0.18,1,genuine
80,0,0,8,918672,0,0.63,0.47,0.37,1,genuine
15,4,4,12,564033,0,0.53,0.81,0.9,1,genuine
67,0,1,15,852647,0,0.83,0.48,0.81,0,genuine
83,0,1,13,831929,0,0.38,0.97,0.98,0,suspicious
93,3,4,20,602820,1,0.37,0.74,0.75,1,suspicious
34,0,2,5,262293,1,0.41,0.5,0.39,1,genuine
51,2,3,3,727913,1,0.18,1,0.59,1,genuine
87,3,4,4,464277,1,0.42,0.48,0.66,0,genuine
70,1,0,1,395398,0,0.39,0.75,0.08,0,genuine
74,1,2,5,590526,1,0.52,0.66,0.54,1,genuine
29,5,3,3,507123,1,0.55,0.86,0.71,0,genuine
17,5,1,13,807370,0,0.78,0.91,0.17,0,genuine
67,5,0,18,255091,1,0.64,0.61,0.78,0,suspicious
23,3,1,15,794269,1,0.41,0.45,0.58,0,genuine
53,2,0,18,356161,1,0.37,0.69,0.95,0,suspicious
20,3,3,14,813275,0,0.57,0.46,0.04,0,genuine
74,3,0,5,481138,0,0.3,1,0.27,0,genuine
92,3,3,19,714704,1,0.77,0.63,0.6,1,genuine
32,3,4,12,483101,1,0.68,0.53,0.3,0,genuine
15,0,4,11,940074,0,0.43,0.64,0.71,1,genuine
41,5,0,19,615333,0,0.24,0.33,0.76,1,genuine
100,5,2,0,903897,1,0.7,0.41,0.1,1,genuine
66,4,1,4,28680,0,0.48,0.84,0.51,0,genuine
66,1,0,15,505383,1,0.69,0.47,0.51,0,genuine
77,5,0,15,121917,0,0.26,0.39,0.37,0,genuine
76,2,1,3,270344,0,0.41,0.71,0.93,1,genuine
88,0,0,13,70836,1,0.5,0.84,0.83,1,genuine
30,1,1,14,401262,1,0.51,0.74,0.7,0,suspicious
56,4,3,1,664443,1,0.43,0.8,0.71,1,suspicious
57,3,2,2,826966,1,0.59,0.45,0.46,1,genuine
46,4,4,8,231088,1,0.34,0.32,0.92,0,genuine
59,1,4,20,709795,1,0.48,0.9,0.69,1,genuine
62,5,2,10,735237,0,0.52,0.54,0.73,0,genuine
53,1,1,0,241100,1,0.58,0.55,0.86,0,genuine
96,0,2,16,839031,1,0.61,0.87,0.27,1,suspicious
86,0,1,18,331068,0,0.33,0.71,0.81,1,suspicious
16,2,2,18,432460,0,0.27,0.69,0.2,0,genuine
90,3,0,7,370249,1,0.69,1,0.35,1,genuine
92,5,0,10,541594,1,0.55,0.47,0.34,1,genuine
52,5,2,16,561672,0,0.39,0.79,0.98,0,genuine
18,4,3,16,10196,0,0.73,0.61,0.86,0,genuine
52,3,2,19,734862,0,0.52,0.65,0.7,1,genuine
22,4,4,3,872601,0,0.68,0.91,0.73,1,suspicious
81,3,0,13,276143,1,0.51,0.7,0.56,1,genuine
96,1,2,7,260317,1,0.81,0.71,0.95,1,genuine
59,1,4,15,301245,1,0.76,0.81,0.5,0,genuine
46,3,0,11,97528,1,0.46,0.53,0.38,1,genuine
42,2,3,20,418310,0,0.65,0.43,0.16,1,genuine
94,1,3,12,706424,0,0.6,0.39,0.79,0,genuine
87,2,4,4,785162,1,0.71,0.21,0.73,1,genuine
29,1,2,17,860960,0,0.36,1,0.38,0,genuine
52,5,0,19,358606,1,0.6,0.38,0.03,0,genuine
20,0,3,1,79722,0,0.66,0.56,0.84,0,suspicious
84,0,4,0,581490,1,0.24,0.54,0.01,1,suspicious
94,5,1,20,976640,1,0.32,0.66,0.7,0,genuine
28,3,2,5,187156,0,0.19,0.76,0.97,1,genuine
54,4,1,16,499705,0,0.46,0.77,0.44,0,genuine
49,0,2,15,329120,0,0.61,0.48,0.23,1,suspicious
93,1,0,15,370712,0,0.73,0.57,0.7,1,genuine
99,1,4,5,229184,1,0.51,0.66,0.82,0,genuine
94,0,0,2,937759,1,0.74,0.55,0.55,1,genuine
60,0,1,15,601582,0,0.29,0.92,0.97,0,suspicious
26,4,4,10,282147,1,0.24,0.7,0.05,0,genuine
86,0,0,7,191664,0,0.49,0.75,0.5,0,suspicious
100,3,0,10,993126,1,0.56,0.73,0.72,1,genuine
20,4,0,8,782402,1,0.5,0.83,0.86,0,suspicious
49,5,1,1,716290,0,0.19,0.64,0.18,0,genuine
81,5,0,16,975444,0,0.49,0.34,0.8,0,suspicious
58,0,3,7,954129,1,0.3,0.68,0.55,1,suspicious
92,1,2,17,199406,0,0.6,0.47,0.4,0,genuine
52,5,3,20,523239,0,0.55,0.49,0.13,1,suspicious
26,0,1,12,772919,0,0.36,0.72,0.87,0,genuine
95,3,1,12,209366,0,0.42,0.85,0.16,1,suspicious
99,3,0,7,246270,0,0.34,0.6,0.31,1,genuine
97,1,4,2,771154,1,0.49,0.66,0.29,0,suspicious
77,4,3,14,253815,1,0.64,0.94,0.87,1,suspicious
21,1,1,14,915137,1,0.35,0.65,0.67,1,genuine
92,0,2,18,278298,1,0.58,1,0.8,0,genuine
95,1,1,14,216824,1,0.42,0.71,0.25,1,genuine
64,4,3,2,240342,0,0.38,0.25,0.62,1,genuine
75,2,2,15,212617,0,0.48,0.75,0.57,1,suspicious
56,1,2,14,875499,0,0.34,0.68,0.83,1,genuine
12,5,0,10,261825,0,0.42,0.86,0.91,0,genuine
56,4,4,3,876961,0,0.32,0.73,0.01,1,genuine
49,2,2,15,648646,1,0.79,0.57,0.67,1,genuine
33,4,0,20,373322,0,0.51,0.36,0.05,1,genuine
37,4,4,0,163574,1,0.4,0.56,0.55,1,genuine
53,5,0,3,816777,1,0.53,0.43,0.29,1,genuine
72,2,1,12,111872,1,0.48,0.48,0.31,0,genuine
34,1,1,13,125702,0,0.47,0.72,0.35,0,genuine
38,2,4,1,964888,1,0.59,0.93,0.62,1,genuine
27,1,0,17,82301,0,0.61,0.68,0.33,1,genuine
29,5,3,17,708641,0,0.42,0.36,0.73,1,suspicious
19,4,0,0,695651,1,0.41,0.69,0.4,1,genuine
47,1,3,2,516597,1,0.46,0.84,0.07,0,genuine
22,3,2,19,643645,1,0.15,0.48,0.78,1,genuine
74,2,2,19,6946,1,0.27,0.57,0.29,1,genuine
79,2,2,20,801369,0,0.71,0.6,0.43,0,genuine
77,0,0,9,898724,0,0.75,0.44,0.69,0,genuine
14,4,4,16,567777,0,0.46,0.73,0.33,0,suspicious
94,4,3,17,44317,1,0.59,0.58,0.06,0,genuine
53,5,0,6,889204,0,0.55,0.68,0.37,1,genuine
89,1,2,20,505720,0,0.96,0.42,0.94,1,suspicious
26,5,1,14,389228,0,0.67,0.51,0.64,1,suspicious
86,5,2,10,650818,0,0.48,0.74,0.67,0,genuine
58,3,4,11,330739,0,0.36,0.53,0.63,1,genuine
29,4,2,1,516257,1,0.26,0.95,0.2,0,genuine
30,3,4,7,941749,0,0.53,0.52,0.42,0,suspicious
33,0,1,14,923783,0,0.39,0.64,0.75,1,suspicious
98,2,3,10,940573,0,0.29,0.79,0.1,1,suspicious
89,5,2,17,602428,1,0.4,0.32,0.28,1,genuine
31,5,4,19,910971,1,0.34,0.25,0.28,0,suspicious
66,3,3,19,288079,0,0.75,0.29,0.43,1,genuine
15,4,1,15,514647,0,0.63,0.85,0.98,0,genuine
62,2,4,11,191756,0,0.5,0.49,0.07,0,genuine
56,5,1,14,801388,1,0.72,1,0.52,0,genuine
96,3,1,3,960503,0,0.51,0.49,0.18,1,genuine
40,3,0,3,535963,0,0.37,0.64,0.97,1,genuine
66,1,3,7,293881,1,0.73,0.91,0.11,1,genuine
88,2,0,0,417207,0,0.58,1,0.4,0,genuine
46,3,1,10,232882,1,0.34,1,0.74,1,genuine
67,1,4,11,786610,1,0.47,0.84,0.7,1,genuine
39,4,2,20,604678,0,0.37,0.8,0.42,1,genuine
78,3,0,9,134476,0,0.29,0.72,0.35,1,genuine
40,1,2,17,56779,1,0.64,0.76,0.4,0,genuine
49,1,0,16,551274,1,0.79,0.49,0.26,0,genuine
70,2,3,11,838096,1,0.29,0.44,0.21,0,genuine
34,5,2,3,443733,1,0.58,0.6,0.48,0,genuine
57,1,0,1,501555,0,0.4,0.57,0.27,1,genuine
96,3,1,5,985300,1,0.43,0.51,0.29,1,genuine
83,0,4,15,567037,0,0.41,0.74,0.66,1,genuine
66,4,1,4,34145,1,0.37,0.79,0.97,0,genuine
69,3,3,13,526884,1,0.51,0.62,0.6,1,genuine
46,3,3,3,364159,0,0.38,0.9,0.08,1,genuine
58,4,0,8,412843,0,0.54,0.37,0.08,0,genuine
74,4,1,19,902195,1,0.49,0.56,0.95,1,genuine
77,1,2,6,719679,1,0.46,0.46,0.3,0,suspicious
63,3,0,6,813595,1,0.36,0.23,0.09,0,genuine
30,1,0,3,183292,0,0.41,0.58,0.6,0,suspicious
35,2,1,12,479405,0,0.61,0.58,0.62,1,suspicious
87,1,4,6,126216,0,0.58,0.9,0.65,1,genuine
27,2,3,14,732163,0,0.35,0.73,0.27,0,genuine
42,5,2,6,543378,0,0.51,0.4,0.02,1,genuine
16,0,3,10,482419,1,0.61,0.97,0.97,1,genuine
92,3,0,3,330985,1,0.25,0.84,0.25,1,suspicious
71,2,4,13,722690,1,0.58,0.72,0.68,1,genuine
57,0,0,1,8828,1,0.4,0.55,0.71,1,genuine
80,4,4,20,12395,1,0.59,0.41,0.61,0,suspicious
23,5,1,18,706849,1,0.39,0.53,0.31,1,genuine
76,1,3,3,220990,0,0.23,0.82,0.27,0,suspicious
25,0,0,14,397860,1,0.26,0.98,0.6,1,suspicious
46,2,4,14,609232,1,0.51,0.91,0.87,0,genuine
20,3,4,18,105642,1,0.54,0.5,0.95,0,genuine
30,5,0,16,341245,0,0.36,0.38,0.11,0,genuine
44,4,3,4,379168,0,0.6,0.63,0.15,1,genuine
67,4,1,15,642545,1,0.25,0.25,0.94,1,genuine
75,0,1,0,903707,0,0.49,0.66,0.74,0,genuine
28,0,2,16,272316,0,0.32,0.57,0.88,1,genuine
65,1,2,1,196244,0,0.4,0.51,0.2,0,genuine
21,4,2,17,575211,0,0.51,0.28,0.59,0,suspicious
38,5,3,13,275618,1,0.37,0.7,0.7,1,genuine
67,5,2,18,248659,0,0.44,0.49,0.68,1,genuine
54,4,2,15,282496,0,0.65,0.37,0.41,1,suspicious
13,1,3,16,494242,1,0.41,0.03,0.02,1,genuine
63,3,2,5,642866,1,0.63,0.59,0.58,0,suspicious
16,1,1,18,359763,0,0.33,0.95,0.25,1,suspicious
60,2,0,5,383700,1,0.58,0.93,0.45,1,genuine
74,2,1,4,192848,1,0.72,0.51,0.96,0,genuine
57,0,1,3,522999,0,0.13,0.48,0.4,0,genuine
40,1,4,12,444537,0,0.38,0.69,0.84,0,genuine
59,1,0,19,220760,0,0.59,0.4,0.19,0,suspicious
20,5,1,19,439451,1,0.47,0.66,0.67,0,genuine
57,0,0,10,734751,1,0.56,0.75,0.98,1,suspicious
38,5,1,16,788735,0,0.41,0.85,0.1,1,genuine
13,3,3,12,390395,1,0.51,0.58,0.01,1,genuine
50,1,3,13,382813,1,0.48,0.56,0.43,1,genuine
22,5,2,19,895826,1,0.68,0.42,0.09,1,genuine
93,4,3,7,420052,0,0.54,0.43,0.75,0,suspicious
52,5,0,8,293213,0,0.55,0.55,0.91,1,suspicious
28,1,4,12,472624,1,0.44,0.67,0.43,0,genuine
27,3,2,10,188628,1,0.43,0.78,0.26,0,genuine
14,1,1,9,599167,1,0.44,0.44,0.43,0,suspicious
46,4,3,14,137510,0,0.56,0.9,0.72,1,suspicious
70,2,2,4,603868,0,0.44,0.55,0.01,1,genuine
99,2,3,4,719336,0,0.54,0.6,0.59,1,genuine
27,3,2,13,239670,1,0.81,0.45,0.61,1,genuine
100,3,0,19,853741,1,0.63,0.12,0.64,1,genuine
70,4,0,16,104722,1,0.45,0.78,0.24,0,genuine
67,5,1,9,755830,1,0.68,0.75,0.71,0,suspicious
88,2,2,17,283063,0,0.44,0.54,0.09,0,suspicious
10,2,4,10,843147,0,0.19,0.61,0.2,0,genuine
20,2,0,17,247260,1,0.35,0.7,0.88,0,suspicious
12,2,1,20,582317,0,0.22,0.29,0.74,0,genuine
42,4,2,6,453215,1,0.45,0.49,0.01,0,suspicious
37,3,1,6,897905,1,0.5,0.76,0.25,1,suspicious
29,3,0,6,399386,1,0.75,0.35,0.21,1,genuine
80,0,1,19,205588,1,0.55,0.66,0.27,0,suspicious
87,5,2,9,152929,0,0.47,0.33,0.25,0,suspicious
77,3,3,11,838901,1,0.62,0.69,0.06,0,genuine
64,2,4,4,774418,1,0.17,0.59,0.46,0,suspicious
24,1,0,20,156813,0,0.54,0.28,0.73,1,genuine
46,2,2,5,495963,0,0.62,0.83,0.61,1,genuine
40,2,2,16,844805,1,0.28,0.45,0.67,1,genuine
48,3,1,17,10216,1,0.67,0.44,0.08,1,suspicious
25,0,0,20,185187,0,0.55,0.64,0.95,0,genuine
16,4,3,10,441997,0,0.44,0.83,0.84,1,suspicious
40,1,3,3,523867,1,0.59,0.4,0.81,1,suspicious
63,5,4,11,141004,0,0.84,0.61,0.82,0,genuine
91,1,4,17,936662,1,0.53,0.69,0.93,1,suspicious
89,0,1,15,890650,1,0.54,0.74,0.54,0,genuine
68,2,0,18,661287,0,0.43,0.64,0.2,0,genuine
18,4,3,18,542122,1,0.37,0.53,0.62,0,genuine
24,4,0,13,559922,0,0.62,0.43,0.74,0,genuine
73,4,1,17,755563,0,0.37,0.62,0.74,0,genuine
86,5,0,9,331065,1,0.51,0.39,0.52,0,suspicious
78,3,0,13,823482,1,0.43,0.02,0.07,1,genuine
12,2,0,0,510259,0,0.57,0.69,0.37,0,genuine
90,1,1,16,314609,1,0.55,0.78,0.92,0,suspicious
75,1,1,3,263166,1,0.66,0.13,0.58,0,genuine
83,2,1,0,589445,0,0.42,0.4,0.54,0,suspicious
40,1,3,12,900205,1,0.46,0.72,0.27,1,suspicious
28,3,2,4,595418,0,0.35,1,0.37,0,genuine
47,4,0,1,50027,1,0.43,0.6,0.9,0,genuine
64,1,4,1,417755,1,0.56,0.45,0.67,0,suspicious
10,3,4,6,103783,1,0.61,0.56,0.79,1,genuine
88,4,2,8,724088,0,0.36,0.87,0.45,1,suspicious
55,5,0,5,171277,1,0.63,0.47,0.63,0,genuine
40,5,0,9,62953,0,0.7,0.44,0.25,0,suspicious
83,2,0,8,225934,0,0.56,0.5,0.71,0,genuine
63,2,1,4,853351,1,0.78,0.41,0.43,0,genuine
33,3,3,1,266643,0,0.38,0.62,0.44,0,genuine
95,5,1,9,499688,0,0.31,0.92,0.65,1,suspicious
95,5,0,6,879726,0,0.23,0.66,0.94,0,genuine
20,5,2,17,660459,1,0.72,0.55,0.06,1,genuine
77,3,0,1,100980,0,0.6,0.54,0.82,0,genuine
56,3,0,11,471707,1,0.49,0.29,0.29,0,genuine
18,1,3,14,780763,0,0.54,0.78,0.44,1,genuine
77,5,0,3,350913,0,0.33,0.58,0.02,0,genuine
79,2,1,19,272388,1,0.87,0.56,0.3,0,genuine
74,1,4,17,378497,1,0.52,1,0.5,0,genuine
74,1,3,7,377809,1,0.52,0.66,0.06,0,suspicious
80,5,3,20,587570,1,0.61,0.45,0.49,0,genuine
12,4,3,17,584573,0,0.57,0.51,0.93,0,suspicious
59,3,0,12,977110,0,0.53,0.83,0.11,1,genuine
70,1,3,7,849364,0,0.38,0.62,0.76,0,genuine
15,4,3,16,270234,0,0.57,0.31,0.41,0,genuine
91,5,1,9,360858,0,0.78,0.78,0.66,0,genuine
59,0,2,1,20799,1,0.7,0.47,0.26,1,genuine
57,4,1,12,431763,1,0.74,0.97,0.16,1,genuine
42,0,1,12,127127,0,0.42,0.82,0.16,1,suspicious
12,0,2,13,368146,0,0.35,0.51,0.07,0,genuine
55,5,2,10,909502,1,0.48,0.86,0.19,0,genuine
18,0,3,17,712598,0,0.51,0.61,0.66,0,genuine
54,0,1,1,634993,0,0.66,0.77,0.88,0,suspicious
40,3,0,0,208623,1,0.25,0.7,0.81,0,suspicious
94,1,4,8,604876,1,0.73,0.43,0.69,0,genuine
90,5,4,6,603870,0,0.48,0.47,0.11,0,genuine
23,1,4,19,681434,0,0.44,0.81,0.29,1,genuine
84,0,1,14,680664,1,0.35,0.53,0.31,0,genuine
52,5,2,7,564594,0,0.25,0.52,0.25,0,genuine
27,1,3,20,183018,1,0.62,0.41,0.52,0,genuine
15,0,3,20,818214,0,0.51,0.68,0.54,0,genuine
55,1,4,11,298434,1,0.31,1,0.36,1,genuine
79,4,3,18,372359,0,0.31,0.39,0.35,1,genuine
53,3,0,17,340882,0,0.45,0.6,0.83,0,suspicious
92,2,0,19,705894,1,0.75,0.88,0.79,1,genuine
32,0,2,6,535240,1,0.46,0.58,0.31,0,genuine
97,4,3,6,511175,1,0.27,0.69,0.91,0,genuine
69,5,1,9,812379,1,0.46,0.39,0.95,1,suspicious
99,5,3,14,772304,0,0.46,0.69,0.33,1,genuine
71,4,1,5,468641,1,0.1,0.56,0.35,1,suspicious
90,3,4,2,932848,0,0.49,0.8,0.51,0,genuine
33,5,1,5,82217,0,0.47,0.84,0.94,0,genuine
27,3,4,5,399582,1,0.6,1,0.88,1,genuine
18,0,0,16,643474,0,0.78,0.72,0.1,0,genuine
68,0,3,3,300442,0,0.67,0.67,0.39,1,genuine
14,4,2,12,486280,0,0.46,0.64,0.55,0,suspicious
47,4,3,1,662399,0,0.33,0.53,0.5,1,genuine
35,3,4,13,151885,1,0.89,0.67,0.19,0,suspicious
15,0,3,8,910435,1,0.51,0.54,0.86,0,genuine
35,0,2,17,175716,1,0.5,0.63,0.68,1,genuine
15,4,4,8,671698,0,0.5,0.86,0.84,1,genuine
50,5,4,4,846953,1,0.53,0.4,0.86,1,genuine
49,2,2,5,973673,0,0.48,0.83,0.75,0,genuine
75,4,3,18,353778,0,0.41,0.86,0.44,0,genuine
60,2,2,8,442307,0,0.42,0.58,0.61,1,genuine
79,0,1,0,661939,1,0.5,0.18,0.16,1,suspicious
70,4,0,10,642054,1,0.42,0.48,0.67,0,genuine
42,5,2,14,599406,1,0.39,0.86,0.18,1,suspicious
14,5,4,4,424435,0,0.52,0.6,0.69,1,genuine
92,3,1,1,890137,0,0.46,0.4,0.23,1,suspicious
34,1,0,4,951136,0,0.73,0.5,0.12,1,genuine
46,0,2,10,74810,1,0.1,0.77,0.17,1,genuine
55,0,0,19,82955,0,0.66,0.71,0,0,genuine
16,4,3,1,169869,0,0.69,0.55,0.72,1,genuine
93,1,4,20,360318,1,0.19,0.53,0.73,1,suspicious
52,1,2,19,239304,0,0.45,0.52,0.51,1,suspicious
44,1,4,9,328710,0,0.44,0.42,0.16,0,genuine
25,4,1,15,332271,1,0.29,0.92,0.08,0,genuine
57,4,1,18,684734,1,0.38,0.54,0.02,1,genuine
65,2,0,17,305510,0,0.33,0.84,0.17,1,suspicious
61,2,1,11,744944,1,0.76,0.9,0.89,0,suspicious
66,2,1,2,280466,1,0.64,0.8,0.24,0,genuine
59,3,2,10,634793,1,0.69,0.51,0.35,1,genuine
53,0,4,16,675959,1,0.61,0.68,0.11,0,genuine
33,2,0,7,414665,0,0.33,0.6,0.22,1,genuine
73,3,1,5,284425,0,0.42,0.42,0.52,1,genuine
98,3,4,16,930813,1,0.57,0.66,0.61,0,genuine
73,4,3,2,466510,0,0.32,0.36,0.25,0,genuine
57,1,2,16,818911,0,0.61,0.84,0.06,0,genuine
76,5,1,5,904719,1,0.46,0.51,0.39,1,genuine
44,1,1,13,984372,0,0.44,0.64,0.23,1,genuine
20,2,1,17,380806,1,0.61,0.66,0.22,0,genuine
64,5,4,17,784226,1,0.57,0.55,0.96,0,suspicious
20,0,2,12,615430,1,0.45,0.72,0.62,0,suspicious
65,5,2,2,546241,1,0.67,0.51,0.56,1,genuine
87,5,4,11,472162,0,0.34,0.77,0.42,0,genuine
33,0,0,7,434099,0,0.59,0.33,0.43,1,suspicious
79,0,2,6,175446,0,0.59,0.63,0.54,0,suspicious
47,3,4,10,192819,1,0.45,0.99,0.7,1,genuine
51,3,4,10,895707,1,0.55,0.4,0.7,0,genuine
23,3,1,11,24224,1,0.31,0.46,0.17,0,suspicious
20,4,4,9,131114,0,0.64,0.7,0.5,1,genuine
51,3,1,6,763125,1,0.47,0.64,0.41,1,genuine
94,0,3,19,246025,1,0.42,0.67,0.87,1,genuine
47,5,4,16,694181,1,0.66,0.7,0.63,1,suspicious
49,0,2,15,263872,1,0.39,0.73,0.53,1,suspicious
67,5,1,17,986121,0,0.29,0.82,0.12,1,genuine
87,1,3,20,780010,0,0.27,0.68,0.61,1,genuine
64,0,0,0,734734,1,0.59,0.55,0.12,1,genuine
31,3,0,3,786160,0,0.31,0.73,0.34,1,suspicious
98,3,0,11,83954,1,0.76,0.98,0.14,1,genuine
66,5,1,14,220801,1,0.19,0.57,0.69,0,genuine
54,2,4,7,175019,1,0.75,0.41,0.21,1,genuine
67,4,1,20,416333,0,0.53,0.82,0.39,0,genuine
15,0,0,19,108014,1,0.49,0.58,0.9,0,genuine
55,4,4,19,100196,1,0.42,0.17,0.2,1,suspicious
88,0,3,7,66892,0,0.56,0.77,0.51,1,genuine
65,1,0,1,982300,0,0.49,0.49,0.42,1,genuine
45,1,2,10,921375,1,0.67,0.58,0.02,0,genuine
91,5,4,12,496172,0,0.52,0.67,0.79,0,genuine
17,4,1,3,575075,1,0.52,0.64,0.07,0,genuine
19,3,1,12,56441,0,0.45,0.74,0.47,0,genuine
95,2,2,8,27646,1,0.49,0.51,0.56,0,genuine
91,0,1,17,808383,1,0.55,0.7,0.63,0,genuine
61,0,2,9,416298,1,0.24,0.55,0.69,1,suspicious
56,5,0,0,549436,1,0.3,0.75,0.25,0,suspicious
75,2,0,16,802157,0,0.61,0.72,0.01,0,genuine
96,4,1,11,87296,0,0.53,0.41,0.72,1,suspicious
30,4,4,16,108977,0,0.47,0.82,0.54,1,suspicious
13,5,1,16,275202,1,0.5,0.49,0.84,0,genuine
28,0,0,14,648128,1,0.55,0.76,0.82,1,genuine
87,1,4,15,162817,0,0.42,0.67,0.84,0,genuine
96,2,2,1,88407,1,0.38,0.97,0.49,0,suspicious
66,0,0,9,686642,0,0.53,0.56,0.33,1,genuine
14,1,2,20,976843,1,0.35,0.53,0.79,1,genuine
26,4,3,6,928484,1,0.56,0.6,0.45,0,suspicious
18,1,4,10,408784,1,0.24,0.54,0.18,1,genuine
40,5,0,16,324399,0,0.65,0.76,0.85,1,genuine
92,3,2,2,240498,0,0.57,0.28,0.88,1,genuine
56,0,2,3,259415,0,0.54,0.39,0.47,1,genuine
56,2,2,5,773423,1,0.65,0.39,0.08,1,genuine
59,1,1,17,297980,0,0.75,0.79,0.39,0,genuine
82,4,1,17,464688,1,0.65,0.94,0.8,0,genuine
14,1,3,0,656913,1,0.22,0.58,0.9,1,genuine
87,4,3,20,132553,0,0.31,0.57,0.2,0,suspicious
29,3,2,2,137655,1,0.41,0.61,0.07,1,genuine
96,5,1,6,552330,0,0.5,0.83,0.88,1,genuine
67,4,4,20,879250,1,0.58,0.41,0.39,1,genuine
57,2,4,6,178896,1,0.39,0.65,0.54,1,suspicious
57,3,2,13,29960,0,0.53,0.8,0.97,1,suspicious
66,5,1,3,36863,0,0.39,0.7,0.07,1,genuine
19,1,4,6,695782,1,0.41,0.64,0.65,0,genuine
83,5,1,17,374176,1,0.29,0.8,0.07,0,genuine
27,5,3,13,902163,1,0.36,0.06,0.38,0,genuine
77,0,2,20,959733,0,0.3,0.74,0.8,1,suspicious
56,4,2,2,340999,0,0.35,0.47,0.43,0,genuine
60,5,1,4,906223,0,0.66,0.23,1,1,genuine
50,2,1,0,499285,0,0.36,0.7,0.56,1,suspicious
93,0,0,14,489888,0,0.89,0.87,0.32,0,genuine
45,0,4,10,913204,0,0.57,0.57,0.22,1,genuine
41,3,3,1,566844,0,0.53,0.79,0.35,1,genuine
24,1,4,2,980270,1,0.37,0.92,0.37,1,genuine
13,0,0,2,285648,1,0.61,0.86,0.07,0,genuine
33,2,1,1,575192,1,0.41,0.93,0.37,1,suspicious
73,4,4,5,466454,1,0.52,0.75,0.46,1,genuine
76,4,2,8,141679,0,0.88,0.62,0.72,1,suspicious
59,4,4,17,994560,0,0.49,0.28,0.66,0,genuine
81,3,1,2,731511,1,0.67,0.55,0.71,0,genuine
25,2,4,18,565485,1,0.39,0.43,0.01,1,suspicious
43,0,0,7,185637,1,0.49,1,0.22,1,genuine
43,5,3,8,619532,1,0.77,0.56,0.66,1,genuine
100,2,1,13,626613,1,0.41,0.62,0.48,1,genuine
67,3,2,12,478721,0,0.77,0.71,0.01,1,suspicious
37,3,0,14,661702,0,0.61,0.61,0.8,1,genuine
88,1,1,20,785291,1,0.42,0.94,0.77,1,genuine
46,2,2,12,666739,0,0.59,0.48,0.55,0,genuine
98,4,2,13,919910,1,0.65,0.64,0.07,0,genuine
72,3,1,10,591381,0,0.59,0.45,0.77,0,genuine
35,3,0,0,456107,1,0.26,0.34,0.58,0,genuine
25,1,2,12,548888,0,0.39,0.48,0.78,1,suspicious
27,5,3,3,670865,0,0.46,0.59,0.75,1,suspicious
19,4,0,17,670594,1,0.49,0.51,0.8,0,genuine
67,5,2,0,559714,0,0.59,0.46,0.52,1,genuine
32,3,1,20,324704,1,0.53,0.32,0.14,1,suspicious
66,0,1,19,953076,0,0.3,0.58,0.67,0,genuine
21,4,0,2,364033,0,0.56,0.3,0.62,1,suspicious
97,2,2,18,505049,1,0.59,0.75,0.74,1,genuine
50,1,2,1,565884,1,0.58,0.62,0.17,1,genuine
95,5,0,2,238162,1,0.66,0.31,0.19,1,suspicious
54,0,0,11,843798,1,0.63,0.54,0.89,1,suspicious
100,0,0,16,93905,1,0.57,0.45,0.75,0,genuine
18,2,3,3,463325,1,0.49,0.66,0.91,0,genuine
80,1,3,9,322824,1,0.25,0.87,0.76,0,genuine
79,3,3,9,383552,0,0.56,0.22,0.6,0,suspicious
47,5,1,19,432228,0,0.53,0.62,0.65,1,genuine
48,5,3,2,272428,1,0.54,0.57,0.89,0,suspicious
30,1,3,9,163282,0,0.31,0.73,0.58,0,suspicious
100,5,3,14,318320,0,0.34,0.64,0.63,1,genuine
99,3,2,12,11069,1,0.66,0.45,0.16,0,suspicious
91,2,4,12,97,1,0.49,0.54,0.47,1,genuine
32,2,3,0,548737,1,0.6,0.44,0.72,0,suspicious
56,0,0,15,854988,0,0.5,0.82,0.27,0,genuine
75,0,3,5,795129,1,0.5,0.6,0.2,1,suspicious
38,0,4,17,889137,0,0.64,0.98,0.31,0,genuine
25,2,1,7,142922,0,0.42,0.59,0.24,1,genuine
35,3,1,4,360590,0,0.51,0.46,0.21,1,genuine
27,2,3,12,300693,0,0.43,0.3,0.42,1,suspicious
40,2,0,17,491990,0,0.43,0.24,0.91,1,genuine
73,0,0,9,561092,0,0.45,0.28,0.51,0,genuine
13,1,2,20,8722,1,0.53,0.65,0.19,1,genuine
56,0,0,4,721180,1,0.43,0.7,0.08,0,genuine
80,1,2,9,966880,0,0.69,0.28,0.7,1,genuine
83,3,2,20,515828,0,0.37,0.78,0.38,1,genuine
57,3,0,11,992957,0,0.47,0.5,0.82,1,genuine
69,4,0,0,792171,1,0.43,0.63,0.66,1,genuine
80,4,2,17,500242,1,0.72,0.92,0.8,0,genuine
26,4,1,17,314165,1,0.53,0.78,0.27,1,genuine
88,3,3,4,9577,0,0.65,0.55,0.69,0,genuine
21,0,1,3,803073,1,0.28,0.42,0.26,0,genuine
18,0,0,1,451345,1,0.54,0.17,0.94,1,suspicious
49,0,4,0,836727,1,0.63,0.46,0.64,1,genuine
60,2,0,18,307152,1,0.51,0.56,0.32,1,suspicious
71,4,2,19,626004,1,0.66,0.4,0.27,0,suspicious
77,0,4,12,242447,0,0.42,0.57,0.19,1,suspicious
62,4,4,17,835472,0,0.71,0.62,0.69,1,genuine
62,4,3,17,7569,1,0.84,0.56,0.22,1,genuine
83,2,0,2,574843,0,0.45,0.47,0.6,0,suspicious
19,3,3,9,391795,1,0.43,0.63,0.26,1,suspicious
26,0,1,6,197732,0,0.72,0.69,0.66,0,genuine
50,2,4,11,431737,1,0.74,0.38,0.81,0,genuine
92,3,3,6,925014,1,0.42,0.88,0.78,1,genuine
19,3,1,13,587784,1,0.44,0.58,0.76,1,genuine
67,0,0,20,458340,0,0.46,0.6,0.19,0,suspicious
69,5,0,16,413928,0,0.3,0.74,0.09,1,suspicious
97,4,2,4,262036,1,0.36,0.65,0.7,1,genuine
76,1,1,5,171201,1,0.35,0.79,0.37,0,genuine
54,4,1,5,749667,0,0.38,0.66,0.43,0,genuine
26,4,3,7,772925,1,0.49,0.48,0.03,0,suspicious
80,1,4,19,677371,0,0.54,0.67,0.26,1,genuine
91,5,4,8,408655,0,0.73,0.37,0.03,1,genuine
85,3,2,6,868669,1,0.35,0.62,0.88,0,genuine
33,1,2,3,396738,1,0.65,0.59,0.24,1,genuine
26,1,2,5,231308,0,0.47,0.56,0.56,1,suspicious
65,2,1,18,275755,0,0.49,0.57,0.04,0,genuine
74,2,0,1,83058,0,0.6,0.22,0.67,1,genuine
17,2,0,17,442751,1,0.33,0.49,0.32,0,genuine
25,3,3,14,655699,0,0.56,0.62,0.9,1,suspicious
76,1,4,20,251199,1,0.52,0.63,0.89,1,suspicious
29,0,4,17,541705,0,0.57,0.39,0.33,1,suspicious
48,1,3,2,801677,1,0.54,0.85,0.9,1,genuine
31,3,1,9,838818,0,0.87,0.43,1,0,genuine
30,2,0,2,954157,1,0.4,0.79,0.83,1,suspicious
51,3,2,8,643004,1,0.42,0.69,0.84,1,suspicious
100,2,0,3,846804,1,0.41,0.47,0.25,1,suspicious
38,3,3,6,727633,1,0.42,0.96,0.58,1,genuine
54,0,0,18,717898,1,0.4,0.36,0.07,0,genuine
76,2,2,15,285072,1,0.68,0.78,0.09,0,genuine
46,2,4,10,298506,1,0.71,0.8,1,0,suspicious
20,1,3,11,679957,1,0.41,0.47,0.33,1,suspicious
42,5,1,4,779016,0,0.38,0.88,0.75,0,suspicious
35,5,0,20,557784,0,0.57,0.55,0.81,1,genuine
91,3,0,7,848098,1,0.42,0.66,0.86,1,genuine
80,4,1,3,281881,1,0.59,0.65,1,1,genuine
45,4,1,9,432962,0,0.53,0.57,0.24,0,suspicious
26,1,2,19,197133,1,0.27,0.76,0.04,0,genuine
90,3,0,2,894941,0,0.73,0.76,0.41,1,genuine
48,0,3,6,71790,0,0.77,0.25,0.13,1,suspicious
88,1,0,10,191268,1,0.41,0.86,0.02,0,genuine
78,2,2,15,143261,0,0.44,0.27,0.36,0,suspicious
21,0,3,14,303663,1,0.54,0.81,0.78,0,genuine
74,3,3,10,115718,1,0.55,0.83,0.57,1,genuine
92,2,3,19,667831,0,0.6,0.38,0.31,1,genuine
31,4,2,9,477462,0,0.8,0.52,0.65,1,genuine
85,3,0,18,647737,0,0.47,0.38,0.23,1,genuine
84,2,4,4,474761,1,0.38,0.56,0.01,0,suspicious
29,3,3,18,285354,1,0.29,0.54,0.76,0,genuine
31,2,1,18,734499,0,0.39,0.76,0.62,1,genuine
94,3,2,11,653005,1,0.5,0.86,0.76,1,suspicious
89,5,3,10,515896,1,0.77,0.88,0.04,1,genuine
87,4,2,13,196912,1,0.42,0.49,0.84,0,genuine
53,1,1,5,336220,0,0.53,0.56,0.62,1,suspicious
82,2,3,0,20338,0,0.5,0.26,0.56,0,genuine
15,2,0,10,159541,0,0.68,0.44,0.62,1,genuine
13,4,2,7,52043,0,0.88,0.79,0.86,0,genuine
20,5,3,7,560958,1,0.42,0.92,0.59,0,genuine
15,1,3,20,23206,1,0.43,0.35,0.58,0,genuine
92,3,2,13,194970,0,0.66,0.48,0.99,0,suspicious
83,2,1,8,107242,1,0.6,0.59,0.76,0,suspicious
43,1,2,11,295819,0,0.78,0.66,0.44,0,genuine
93,3,4,4,282272,1,0.59,0.44,0.71,1,genuine
36,2,0,10,131114,0,0.45,0.68,0.39,1,genuine
83,2,1,15,749938,0,0.59,0.51,0.23,1,genuine
63,5,0,14,459714,1,0.67,0.6,0.6,1,genuine
89,5,0,14,762428,0,0.62,0.71,0.93,1,genuine
91,5,2,11,8603,0,0.58,0.6,0.93,0,genuine
13,3,4,9,244120,0,0.66,0.51,0.34,0,genuine
73,4,3,15,94579,1,0.68,0.58,0.53,0,suspicious
90,1,4,17,158004,1,0.71,0.58,0.21,1,genuine
79,2,1,3,15441,1,0.6,0.53,1,0,genuine
47,3,4,5,517556,0,0.47,0.55,0.98,0,genuine
92,2,0,20,227739,1,0.52,0.92,0.65,1,genuine
48,3,3,19,358522,0,0.68,0.71,0.8,1,genuine
71,2,4,2,440657,0,0.38,0.54,0.72,0,genuine
41,0,3,8,326712,1,0.56,0.74,0.59,0,suspicious
97,4,4,4,823893,0,0.44,0.53,0.05,1,genuine
61,1,3,17,838298,1,0.5,0.83,0.45,0,suspicious
48,4,4,6,522606,0,0.69,0.67,0.67,0,genuine
68,4,1,8,389439,0,0.53,0.58,0.68,0,genuine
19,1,3,20,486209,0,0.51,0.69,0.37,1,genuine
98,5,2,2,730790,1,0.3,0.29,0.94,1,genuine
17,4,0,2,829869,1,0.61,0.37,0.17,0,suspicious
30,0,3,0,33279,1,0.6,0.36,0.5,1,genuine
66,5,0,16,346291,1,0.82,0.63,0.69,1,genuine
63,3,4,20,84121,1,0.45,0.95,0.7,0,genuine
71,5,4,0,884523,0,0.53,1,0.65,1,suspicious
69,1,4,18,787030,1,0.54,0.73,0.28,0,genuine
36,3,4,18,997872,1,0.74,0.7,0.16,0,suspicious
53,2,4,12,153185,1,0.49,0.24,0.64,0,genuine
87,5,1,18,58761,1,0.54,0.49,0.6,0,genuine
28,0,0,6,279450,0,0.59,0.44,0.18,1,genuine
50,3,3,1,813332,1,0.53,0.48,0.71,1,genuine
50,5,1,17,411485,0,0.43,0.57,0.46,0,genuine
54,3,1,8,74853,1,0.53,0.51,0.67,0,suspicious
61,1,1,17,569579,1,0.66,0.2,0.84,0,genuine
26,5,1,17,492985,1,0.35,0.75,0.17,1,suspicious
57,2,1,15,190426,1,0.52,0.39,0.02,1,genuine
75,1,0,20,201529,0,0.39,0.65,0.78,1,suspicious
81,2,3,4,939209,0,0.68,1,0.61,0,genuine
23,5,0,11,882418,1,0.27,0.42,0.7,1,genuine
50,1,3,12,262228,1,0.42,0.09,0.84,0,genuine
40,5,1,7,856950,1,0.56,0.54,0.8,0,genuine
69,3,1,18,400113,1,0.73,0.82,0.96,0,suspicious
25,3,4,9,868486,1,0.49,0.99,0.54,0,genuine
44,0,2,4,13229,1,0.42,0.35,0.49,0,genuine
67,3,2,14,127886,0,0.78,0.7,0.4,1,suspicious
41,4,0,16,805460,1,0.28,0.51,0.15,1,genuine
28,3,0,16,749399,1,0.17,0.58,0.57,1,genuine
22,4,3,2,261056,1,0.57,1,0.28,1,genuine
16,3,4,12,403490,0,0.42,0.3,0.92,0,suspicious
47,4,3,11,808689,0,0.35,0.65,0.58,1,genuine
59,4,4,16,464479,1,0.61,0.69,0.59,1,suspicious
88,5,2,0,259169,0,0.54,0.82,0.35,0,suspicious
63,3,2,7,773450,1,0.42,0.62,0.05,1,genuine
41,4,4,19,35139,0,0.31,0.66,0.03,1,suspicious
30,0,3,5,208856,0,0.63,0.52,0.42,1,genuine
51,2,0,16,483221,0,0.6,0.65,0.08,0,suspicious
83,5,4,4,771042,0,0.49,0.53,0.61,1,suspicious
50,4,4,14,808448,1,0.78,0.72,0.88,0,genuine
34,4,4,5,98525,0,0.34,0.53,0.88,1,genuine
30,5,3,5,546454,0,0.27,0.68,0.66,1,suspicious
73,0,0,18,698360,1,0.4,0.59,0.21,1,genuine
75,0,3,18,218573,1,0.49,0.83,0.86,1,suspicious
69,1,1,4,495794,0,0.54,0.59,0.89,0,suspicious
73,5,1,15,408025,1,0.46,0.25,0.2,0,suspicious
49,5,4,11,714545,1,0.55,0.85,0.74,0,suspicious
73,2,4,1,327271,0,0.31,0.42,0.29,0,suspicious
12,1,4,7,981693,0,0.72,0.47,0.8,1,suspicious
21,5,0,15,338757,0,0.49,0.48,1,1,genuine
60,4,0,7,166317,0,0.67,0.87,0.03,1,suspicious
74,0,4,2,659727,0,0.55,0.17,0.9,1,genuine
68,4,0,8,763612,0,0.57,1,0.62,0,genuine
40,5,2,11,44236,0,0.59,0.81,0.97,0,genuine
37,5,4,7,780901,0,0.57,0.64,0.47,1,genuine
84,5,2,1,982958,0,0.6,0.59,0.85,1,genuine
55,3,3,6,576277,0,0.7,0.66,0.06,0,genuine
16,2,2,16,546231,1,0.53,0.7,0.34,1,suspicious
16,3,3,11,128075,0,0.61,0.73,0.07,1,suspicious
46,0,3,12,265618,0,0.49,0.71,0.98,1,genuine
73,0,4,15,504606,0,0.72,0.62,0.82,0,genuine
86,0,4,14,669537,1,0.4,0.56,0.85,0,genuine
93,2,3,1,313329,1,0.77,0.57,0.94,1,suspicious
96,1,0,1,208377,1,0.49,0.56,0.09,0,genuine
70,4,1,20,377935,0,0.29,0.83,0.39,0,suspicious
46,5,2,10,930632,1,0.52,0.72,0.07,1,genuine
78,4,3,3,54618,1,0.4,0.01,0.21,1,genuine
11,4,1,16,905611,1,0.63,0.73,0.23,1,suspicious
23,4,4,20,699081,1,0.4,0.64,0.47,0,suspicious
65,5,4,8,228368,1,0.43,0.6,0.27,1,genuine
27,4,3,8,118415,0,0.22,0.52,0.1,0,genuine
43,1,0,18,247429,0,0.43,0.82,0.17,1,genuine
56,3,3,17,663654,1,0.14,0.79,0.15,1,suspicious
61,2,2,18,455252,0,0.26,0.45,0.97,1,genuine
56,3,1,5,340278,1,0.61,0.68,0.76,1,genuine
15,3,0,12,15800,1,0.62,0.41,0.97,1,genuine
61,5,3,20,175491,1,0.56,0.32,0.44,0,suspicious
16,4,2,12,832979,0,0.35,0.47,0.28,0,genuine
82,5,2,11,289512,1,0.49,0.77,0.8,1,genuine
81,4,0,18,613100,1,0.5,0.79,0.33,0,genuine
34,1,2,20,125462,0,0.33,0.7,0.3,1,suspicious
56,2,2,2,415036,1,0.73,0.75,0.23,1,suspicious
80,0,2,16,827478,0,0.63,0.7,0.13,1,genuine
46,3,2,8,254898,1,0.47,0.47,0.26,1,suspicious
19,0,3,12,9364,0,0.5,0.69,0.36,0,genuine
59,2,0,7,44034,1,0.53,0.76,0.67,0,genuine
74,3,1,16,609304,0,0.19,0.75,0.06,0,genuine
67,0,1,12,821534,1,0.46,0.84,0.21,1,genuine
80,0,2,11,724306,0,0.4,0.74,0.81,0,genuine
45,5,3,11,498358,0,0.35,0.67,0.15,0,suspicious
89,1,2,15,721847,1,0.46,0.81,0.34,1,genuine
97,2,2,15,625174,0,0.77,0.59,0.86,0,genuine
88,2,3,19,162521,0,0.6,0.42,0.15,1,genuine
25,2,4,0,389440,1,0.41,0.57,0.08,1,suspicious
26,3,0,16,808240,1,0.59,0.45,0.48,0,suspicious
